<?xml version="1.0" encoding="UTF-8"?>
<project-private xmlns="http://www.netbeans.org/ns/project-private/1">
    <editor-bookmarks xmlns="http://www.netbeans.org/ns/editor-bookmarks/2" lastBookmarkId="0"/>
    <open-files xmlns="http://www.netbeans.org/ns/projectui-open-files/2">
        <group>
            <file>file:/Users/charbelachmar/Desktop/ASD-Prototype/src/java/model/Cart.java</file>
            <file>file:/Users/charbelachmar/Desktop/ASD-Prototype/web/cart.jsp</file>
            <file>file:/Users/charbelachmar/Desktop/ASD-Prototype/src/java/model/CartItem.java</file>
            <file>file:/Users/charbelachmar/Desktop/ASD-Prototype/src/java/controller/CartController.java</file>
        </group>
    </open-files>
</project-private>
